timestamp,pid,rss_kb,vsz_kb,cpu_percent,mem_percent
1766015888,38289,330864,413781104,0.0,0.9
1766015888,41165,105680,440282080,0.0,0.3
1766015889,38289,330864,413781104,0.0,0.9
1766015889,41165,105680,440282080,0.0,0.3
1766015890,38289,330864,413781104,0.0,0.9
1766015890,41165,105680,440282080,0.0,0.3
1766015891,38289,330864,413781104,0.0,0.9
1766015891,41165,105680,440282080,0.0,0.3
1766015892,38289,330864,413781104,0.0,0.9
1766015892,41165,105680,440282080,0.0,0.3
1766015893,38289,330864,413781104,0.0,0.9
1766015893,41165,105680,440282080,0.0,0.3
1766015894,38289,330864,413781104,0.0,0.9
1766015894,41165,105680,440282080,0.0,0.3
1766015895,38289,330864,413781104,0.0,0.9
1766015895,41165,105680,440282080,0.0,0.3
1766015896,38289,330864,413781104,0.0,0.9
1766015896,41165,105680,440282080,0.0,0.3
1766015897,38289,330864,413781104,0.0,0.9
1766015897,41165,105680,440282080,0.0,0.3
